<?xml version='1.0' encoding='UTF-8'?>
<system creation-date="2023-12-22 17:33:35.166000" desc="" enable="False" id="8E37BC79-F1FD-43D0-BA2C-6D4F49CFFD1A" last-modified-date="" name="IRB120_3_58"><applications><application name="RobotWare" version="6.15.5021"><settings><system-xml path="C:\Users\Gebruiker\Desktop\Programmeren\Elektrotechniek\Jaar2\RobotProgrammeren\GroepsOpdracht\GroepsOpdracht\Virtual Controllers\IRB120_3_58\system.xml" /><key-id path="C:\Users\Gebruiker\Desktop\Programmeren\Elektrotechniek\Jaar2\RobotProgrammeren\GroepsOpdracht\GroepsOpdracht\Virtual Controllers\IRB120_3_58\INTERNAL\key.id" /><setting-file path="C:\Users\Gebruiker\Desktop\Programmeren\Elektrotechniek\Jaar2\RobotProgrammeren\GroepsOpdracht\GroepsOpdracht\Virtual Controllers\IRB120_3_58\INTERNAL\controller.rsf" /></settings></application></applications></system>