<?xml version='1.0' encoding='UTF-8'?>
<system creation-date="2023-12-14 11:43:51.471000" desc="" enable="False" id="245A9847-A8E1-4E3E-90C8-84A2C62BA3CE" last-modified-date="" name="IRB120_3_58"><applications><application name="RobotWare" version="6.15.4023"><settings><system-xml path="C:\Users\niels\Desktop\Programmeren\Elektrotechniek\Jaar2\RobotProgrammeren\GroepsOpdracht\GroepsOpdracht\Virtual Controllers\IRB120_3_58\system.xml" /><key-id path="C:\Users\niels\Desktop\Programmeren\Elektrotechniek\Jaar2\RobotProgrammeren\GroepsOpdracht\GroepsOpdracht\Virtual Controllers\IRB120_3_58\INTERNAL\key.id" /><setting-file path="C:\Users\niels\Desktop\Programmeren\Elektrotechniek\Jaar2\RobotProgrammeren\GroepsOpdracht\GroepsOpdracht\Virtual Controllers\IRB120_3_58\INTERNAL\controller.rsf" /></settings></application></applications></system>