<?xml version="1.0" encoding="iso-8859-1"?>
<Version>
  <Major>6</Major>
  <Minor>15</Minor>
  <Build>4023</Build>
  <Revision>04</Revision>
  <SubRevision>00</SubRevision>
  <BuildTag></BuildTag>
  <VersionName>6.15.04.00</VersionName>
  <RobAPICompatibilityRevision>0</RobAPICompatibilityRevision>
  <Title>RobotWare</Title>
  <Type>RobotWare</Type>
  <Description>Controller Software</Description>
  <Date>2023-09-26</Date>
  <MCTimeStamp>#12:10:12/Sep 26 2023#</MCTimeStamp>
</Version>